-- MySQL dump 10.13  Distrib 8.0.28, for Win64 (x86_64)
--
-- Host: localhost    Database: lead_management_system
-- ------------------------------------------------------
-- Server version	8.0.28

/*!40101 SET @OLD_CHARACTER_SET_CLIENT=@@CHARACTER_SET_CLIENT */;
/*!40101 SET @OLD_CHARACTER_SET_RESULTS=@@CHARACTER_SET_RESULTS */;
/*!40101 SET @OLD_COLLATION_CONNECTION=@@COLLATION_CONNECTION */;
/*!50503 SET NAMES utf8mb4 */;
/*!40103 SET @OLD_TIME_ZONE=@@TIME_ZONE */;
/*!40103 SET TIME_ZONE='+00:00' */;
/*!40014 SET @OLD_UNIQUE_CHECKS=@@UNIQUE_CHECKS, UNIQUE_CHECKS=0 */;
/*!40014 SET @OLD_FOREIGN_KEY_CHECKS=@@FOREIGN_KEY_CHECKS, FOREIGN_KEY_CHECKS=0 */;
/*!40101 SET @OLD_SQL_MODE=@@SQL_MODE, SQL_MODE='NO_AUTO_VALUE_ON_ZERO' */;
/*!40111 SET @OLD_SQL_NOTES=@@SQL_NOTES, SQL_NOTES=0 */;

--
-- Table structure for table `accounts`
--

DROP TABLE IF EXISTS `accounts`;
/*!40101 SET @saved_cs_client     = @@character_set_client */;
/*!50503 SET character_set_client = utf8mb4 */;
CREATE TABLE `accounts` (
  `accountID` int NOT NULL AUTO_INCREMENT,
  `name` varchar(255) DEFAULT NULL,
  `role` varchar(255) DEFAULT NULL,
  `password` varchar(255) DEFAULT NULL,
  `email` varchar(255) DEFAULT NULL,
  PRIMARY KEY (`accountID`)
) ENGINE=InnoDB AUTO_INCREMENT=11 DEFAULT CHARSET=utf8mb4 COLLATE=utf8mb4_0900_ai_ci;
/*!40101 SET character_set_client = @saved_cs_client */;

--
-- Dumping data for table `accounts`
--

LOCK TABLES `accounts` WRITE;
/*!40000 ALTER TABLE `accounts` DISABLE KEYS */;
INSERT INTO `accounts` VALUES (1,'Admin','admin','admin','admin@admin.com'),(2,'User 2','employee','user','user2@example.com'),(3,'User 3','employee','user','user3@example.com'),(4,'User 4','employee','user','user4@example.com'),(5,'User 5','employee','user','user5@example.com'),(6,'User 6','employee','user','user6@example.com'),(7,'User 7','employee','user','user7@example.com'),(8,'User 8','employee','user','user8@example.com'),(9,'User 9','employee','user','user9@example.com'),(10,'User 10','employee','user','user10@example.com');
/*!40000 ALTER TABLE `accounts` ENABLE KEYS */;
UNLOCK TABLES;

--
-- Table structure for table `calls`
--

DROP TABLE IF EXISTS `calls`;
/*!40101 SET @saved_cs_client     = @@character_set_client */;
/*!50503 SET character_set_client = utf8mb4 */;
CREATE TABLE `calls` (
  `callID` int NOT NULL AUTO_INCREMENT,
  `accountID` int DEFAULT NULL,
  `contactID` int DEFAULT NULL,
  `duration` int DEFAULT NULL,
  `leadID` int DEFAULT NULL,
  `note` varchar(255) DEFAULT NULL,
  `called_at` timestamp NULL DEFAULT CURRENT_TIMESTAMP,
  PRIMARY KEY (`callID`),
  KEY `accountID` (`accountID`),
  KEY `contactID` (`contactID`),
  KEY `leadID` (`leadID`),
  CONSTRAINT `calls_ibfk_1` FOREIGN KEY (`accountID`) REFERENCES `accounts` (`accountID`),
  CONSTRAINT `calls_ibfk_2` FOREIGN KEY (`contactID`) REFERENCES `contacts` (`contactID`),
  CONSTRAINT `calls_ibfk_3` FOREIGN KEY (`leadID`) REFERENCES `leads` (`leadID`)
) ENGINE=InnoDB AUTO_INCREMENT=212 DEFAULT CHARSET=utf8mb4 COLLATE=utf8mb4_0900_ai_ci;
/*!40101 SET character_set_client = @saved_cs_client */;

--
-- Dumping data for table `calls`
--

LOCK TABLES `calls` WRITE;
/*!40000 ALTER TABLE `calls` DISABLE KEYS */;
INSERT INTO `calls` VALUES (1,7,125,7,1,'Call note for lead 1','2024-03-02 22:52:17'),(2,2,63,32,1,'Call note for lead 1','2024-03-26 17:55:01'),(3,2,157,38,2,'Call note for lead 2','2024-02-28 13:56:52'),(4,8,188,12,2,'Call note for lead 2','2024-05-11 15:36:54'),(5,1,144,9,3,'Call note for lead 3','2024-02-10 15:41:00'),(6,8,67,56,3,'Call note for lead 3','2024-07-16 14:43:02'),(7,5,201,28,4,'Call note for lead 4','2024-07-14 17:30:36'),(8,4,211,16,4,'Call note for lead 4','2024-05-29 13:05:18'),(9,5,173,37,5,'Call note for lead 5','2024-04-05 10:59:10'),(10,10,115,19,5,'Call note for lead 5','2024-12-26 07:48:32'),(11,6,123,17,6,'Call note for lead 6','2024-05-11 11:38:37'),(12,6,62,13,6,'Call note for lead 6','2024-10-13 02:55:09'),(13,2,118,58,7,'Call note for lead 7','2024-09-16 16:32:00'),(14,10,58,58,7,'Call note for lead 7','2024-03-11 00:15:58'),(15,10,231,23,8,'Call note for lead 8','2024-06-29 03:25:00'),(16,3,121,57,8,'Call note for lead 8','2024-09-04 20:13:39'),(17,9,59,53,9,'Call note for lead 9','2024-07-13 12:43:24'),(18,6,216,43,9,'Call note for lead 9','2024-06-25 06:47:24'),(19,7,3,31,10,'Call note for lead 10','2024-08-11 17:29:55'),(20,4,176,14,10,'Call note for lead 10','2024-05-15 08:22:50'),(21,7,45,45,11,'Call note for lead 11','2024-06-07 11:18:49'),(22,6,137,16,11,'Call note for lead 11','2024-02-21 21:27:31'),(23,6,182,5,12,'Call note for lead 12','2024-04-23 21:51:11'),(24,2,215,46,12,'Call note for lead 12','2024-03-24 02:24:52'),(25,6,136,7,13,'Call note for lead 13','2024-11-09 20:47:36'),(26,2,58,24,13,'Call note for lead 13','2024-06-12 18:22:55'),(27,6,207,34,14,'Call note for lead 14','2024-03-30 04:07:24'),(28,2,139,18,14,'Call note for lead 14','2024-08-22 03:45:30'),(29,5,229,13,15,'Call note for lead 15','2024-06-11 07:01:56'),(30,9,154,21,15,'Call note for lead 15','2024-11-28 20:38:06'),(31,9,135,32,16,'Call note for lead 16','2024-09-05 23:17:31'),(32,10,11,8,16,'Call note for lead 16','2024-02-02 18:37:20'),(33,4,102,29,17,'Call note for lead 17','2024-12-02 04:24:39'),(34,7,173,49,17,'Call note for lead 17','2024-04-13 16:08:54'),(35,1,103,52,18,'Call note for lead 18','2024-07-11 19:42:00'),(36,7,65,11,18,'Call note for lead 18','2024-12-25 11:07:56'),(37,3,68,21,19,'Call note for lead 19','2024-09-12 01:56:54'),(38,4,217,8,19,'Call note for lead 19','2024-07-22 16:25:58'),(39,6,10,24,20,'Call note for lead 20','2024-02-06 16:09:42'),(40,6,177,23,20,'Call note for lead 20','2024-05-14 09:21:41'),(41,10,68,47,21,'Call note for lead 21','2024-02-18 16:02:21'),(42,10,101,51,21,'Call note for lead 21','2024-08-26 10:02:14'),(43,1,98,32,22,'Call note for lead 22','2024-05-03 03:23:46'),(44,4,69,43,22,'Call note for lead 22','2024-09-17 12:58:43'),(45,5,123,54,23,'Call note for lead 23','2024-02-18 21:58:23'),(46,2,162,49,23,'Call note for lead 23','2024-11-01 17:13:18'),(47,4,229,43,24,'Call note for lead 24','2024-05-06 08:56:30'),(48,4,88,48,24,'Call note for lead 24','2024-11-26 00:05:29'),(49,3,61,44,25,'Call note for lead 25','2024-09-14 09:58:44'),(50,4,106,21,25,'Call note for lead 25','2024-07-12 01:22:35'),(51,9,17,22,26,'Call note for lead 26','2024-03-08 16:38:07'),(52,4,159,46,26,'Call note for lead 26','2024-05-06 02:26:23'),(53,9,188,20,27,'Call note for lead 27','2024-06-08 09:30:13'),(54,1,19,50,27,'Call note for lead 27','2024-01-14 05:58:25'),(55,5,206,47,28,'Call note for lead 28','2024-03-23 22:01:29'),(56,8,216,20,28,'Call note for lead 28','2024-04-07 07:18:31'),(57,4,2,9,29,'Call note for lead 29','2024-04-26 23:52:17'),(58,1,198,42,29,'Call note for lead 29','2024-05-13 01:29:34'),(59,4,3,50,30,'Call note for lead 30','2024-02-11 16:29:19'),(60,5,165,13,30,'Call note for lead 30','2024-09-24 08:39:42'),(61,4,40,55,31,'Call note for lead 31','2024-03-06 00:19:01'),(62,9,63,47,31,'Call note for lead 31','2024-03-31 13:55:40'),(63,3,52,31,32,'Call note for lead 32','2024-07-11 16:46:56'),(64,10,2,36,32,'Call note for lead 32','2024-04-07 07:07:32'),(65,3,204,18,33,'Call note for lead 33','2024-03-04 07:31:51'),(66,1,165,10,33,'Call note for lead 33','2024-06-19 04:44:19'),(67,10,228,27,34,'Call note for lead 34','2024-04-21 23:49:31'),(68,6,224,27,34,'Call note for lead 34','2024-09-11 17:46:20'),(69,8,194,38,35,'Call note for lead 35','2024-09-02 06:37:52'),(70,1,197,15,35,'Call note for lead 35','2024-04-29 02:46:18'),(71,1,197,13,36,'Call note for lead 36','2024-10-24 11:05:21'),(72,3,240,41,36,'Call note for lead 36','2024-03-28 11:11:30'),(73,3,118,58,37,'Call note for lead 37','2024-04-24 15:08:10'),(74,2,78,41,37,'Call note for lead 37','2024-04-01 08:34:51'),(75,5,215,59,38,'Call note for lead 38','2024-11-05 03:12:01'),(76,8,111,10,38,'Call note for lead 38','2024-06-30 18:42:24'),(77,1,149,31,39,'Call note for lead 39','2024-08-17 16:38:05'),(78,9,165,42,39,'Call note for lead 39','2024-06-30 14:46:06'),(79,8,12,11,40,'Call note for lead 40','2024-12-16 01:42:03'),(80,1,50,52,40,'Call note for lead 40','2024-08-28 12:50:54'),(81,6,226,12,41,'Call note for lead 41','2024-04-20 00:56:04'),(82,9,198,47,41,'Call note for lead 41','2024-12-29 12:38:15'),(83,7,38,53,42,'Call note for lead 42','2024-03-19 02:59:18'),(84,9,103,28,42,'Call note for lead 42','2024-01-21 19:45:34'),(85,2,35,21,43,'Call note for lead 43','2024-11-02 02:44:34'),(86,5,224,34,43,'Call note for lead 43','2024-01-23 16:14:22'),(87,4,20,12,44,'Call note for lead 44','2024-10-23 01:07:52'),(88,1,82,48,44,'Call note for lead 44','2024-04-29 18:48:27'),(89,9,19,45,45,'Call note for lead 45','2024-11-05 06:44:49'),(90,1,123,24,45,'Call note for lead 45','2024-04-21 13:56:48'),(91,5,216,11,46,'Call note for lead 46','2024-12-17 05:05:19'),(92,5,191,21,46,'Call note for lead 46','2024-10-26 21:11:05'),(93,3,207,44,47,'Call note for lead 47','2024-08-06 16:05:28'),(94,7,172,31,47,'Call note for lead 47','2024-05-19 15:41:01'),(95,3,70,44,48,'Call note for lead 48','2024-11-23 02:17:13'),(96,1,9,27,48,'Call note for lead 48','2024-11-25 16:13:43'),(97,10,83,37,49,'Call note for lead 49','2024-02-07 01:42:02'),(98,9,141,58,49,'Call note for lead 49','2024-05-08 22:42:09'),(99,7,215,55,50,'Call note for lead 50','2024-10-11 01:08:44'),(100,6,71,43,50,'Call note for lead 50','2024-09-02 02:34:08'),(101,9,21,27,51,'Call note for lead 51','2024-02-10 19:29:04'),(102,3,134,57,51,'Call note for lead 51','2024-05-19 05:01:25'),(103,3,99,45,52,'Call note for lead 52','2024-05-01 03:42:58'),(104,7,32,22,52,'Call note for lead 52','2024-08-10 18:20:52'),(105,10,23,49,53,'Call note for lead 53','2024-10-16 01:08:57'),(106,1,101,23,53,'Call note for lead 53','2024-03-08 16:22:36'),(107,5,19,51,54,'Call note for lead 54','2024-08-11 20:47:18'),(108,6,54,43,54,'Call note for lead 54','2024-01-26 07:29:47'),(109,5,51,8,55,'Call note for lead 55','2024-06-19 11:52:52'),(110,7,52,40,55,'Call note for lead 55','2024-11-07 07:35:02'),(111,2,26,7,56,'Call note for lead 56','2024-07-20 15:33:33'),(112,8,103,22,56,'Call note for lead 56','2024-05-18 19:25:24'),(113,1,143,40,57,'Call note for lead 57','2024-11-23 07:46:11'),(114,6,41,32,57,'Call note for lead 57','2024-09-23 09:07:14'),(115,2,219,33,58,'Call note for lead 58','2024-11-30 18:22:48'),(116,6,13,58,58,'Call note for lead 58','2024-06-26 15:25:38'),(117,6,157,59,59,'Call note for lead 59','2024-12-24 19:30:51'),(118,8,116,31,59,'Call note for lead 59','2024-01-23 15:04:39'),(119,6,67,47,60,'Call note for lead 60','2024-03-30 05:18:11'),(120,6,110,17,60,'Call note for lead 60','2024-02-10 22:04:52'),(121,7,197,22,61,'Call note for lead 61','2024-10-22 08:13:08'),(122,9,57,18,61,'Call note for lead 61','2024-11-02 21:18:22'),(123,10,90,60,62,'Call note for lead 62','2024-03-29 13:14:54'),(124,10,176,36,62,'Call note for lead 62','2024-01-25 00:27:05'),(125,7,67,32,63,'Call note for lead 63','2024-06-10 02:57:36'),(126,4,68,11,63,'Call note for lead 63','2024-04-03 17:31:29'),(127,2,198,60,64,'Call note for lead 64','2024-12-26 18:58:02'),(128,8,8,57,64,'Call note for lead 64','2024-08-07 11:53:18'),(129,2,8,52,65,'Call note for lead 65','2024-03-06 12:51:24'),(130,5,218,21,65,'Call note for lead 65','2024-05-07 12:06:45'),(131,10,164,11,66,'Call note for lead 66','2024-10-23 07:56:13'),(132,7,14,48,66,'Call note for lead 66','2024-11-08 21:41:37'),(133,4,159,7,67,'Call note for lead 67','2024-05-31 19:19:13'),(134,8,207,53,67,'Call note for lead 67','2024-12-08 19:11:20'),(135,3,42,10,68,'Call note for lead 68','2024-06-09 20:02:35'),(136,9,188,34,68,'Call note for lead 68','2024-03-07 15:28:54'),(137,10,124,35,69,'Call note for lead 69','2024-02-22 21:54:12'),(138,4,53,25,69,'Call note for lead 69','2024-07-08 08:36:14'),(139,6,148,55,70,'Call note for lead 70','2024-01-19 04:39:08'),(140,6,136,46,70,'Call note for lead 70','2024-10-22 21:36:14'),(141,8,96,50,71,'Call note for lead 71','2024-05-17 07:28:06'),(142,1,212,29,71,'Call note for lead 71','2024-05-16 05:41:49'),(143,10,37,39,72,'Call note for lead 72','2024-12-07 06:06:29'),(144,10,134,55,72,'Call note for lead 72','2024-01-12 00:27:01'),(145,1,163,49,73,'Call note for lead 73','2024-02-20 18:35:04'),(146,2,134,34,73,'Call note for lead 73','2024-06-01 00:53:18'),(147,8,192,8,74,'Call note for lead 74','2024-01-25 19:31:16'),(148,5,188,53,74,'Call note for lead 74','2024-10-10 23:25:47'),(149,2,237,24,75,'Call note for lead 75','2024-10-25 01:06:07'),(150,5,53,15,75,'Call note for lead 75','2024-02-09 07:23:39'),(151,6,71,11,76,'Call note for lead 76','2024-11-07 05:21:16'),(152,2,151,19,76,'Call note for lead 76','2024-06-04 12:59:19'),(153,10,186,59,77,'Call note for lead 77','2024-06-23 17:15:40'),(154,7,147,11,77,'Call note for lead 77','2024-01-16 15:29:47'),(155,1,98,17,78,'Call note for lead 78','2024-11-17 16:24:05'),(156,6,171,27,78,'Call note for lead 78','2024-12-10 15:31:58'),(157,5,136,24,79,'Call note for lead 79','2024-02-19 00:05:43'),(158,3,82,43,79,'Call note for lead 79','2024-08-02 21:35:35'),(159,6,97,40,80,'Call note for lead 80','2024-04-08 10:34:06'),(160,6,18,25,80,'Call note for lead 80','2024-04-23 20:25:56'),(161,1,96,49,81,'Call note for lead 81','2024-10-05 00:13:24'),(162,8,144,25,81,'Call note for lead 81','2024-02-21 09:09:51'),(163,9,130,16,82,'Call note for lead 82','2024-08-24 03:52:40'),(164,9,211,15,82,'Call note for lead 82','2024-09-24 20:49:58'),(165,10,200,20,83,'Call note for lead 83','2024-05-23 18:27:59'),(166,2,9,27,83,'Call note for lead 83','2024-07-17 16:49:03'),(167,2,206,18,84,'Call note for lead 84','2024-01-30 20:32:40'),(168,6,85,58,84,'Call note for lead 84','2024-04-09 17:10:22'),(169,6,18,56,85,'Call note for lead 85','2024-02-28 12:18:55'),(170,1,52,8,85,'Call note for lead 85','2024-04-16 00:46:15'),(171,1,134,7,86,'Call note for lead 86','2024-05-08 11:18:34'),(172,3,188,18,86,'Call note for lead 86','2024-01-27 00:55:58'),(173,7,92,39,87,'Call note for lead 87','2024-02-02 03:11:29'),(174,4,85,10,87,'Call note for lead 87','2024-05-14 09:07:35'),(175,3,65,20,88,'Call note for lead 88','2024-07-14 15:39:52'),(176,4,1,15,88,'Call note for lead 88','2024-04-12 00:32:09'),(177,7,41,49,89,'Call note for lead 89','2024-09-05 02:07:53'),(178,6,189,34,89,'Call note for lead 89','2024-05-21 05:21:02'),(179,1,158,25,90,'Call note for lead 90','2024-12-12 10:56:58'),(180,9,45,53,90,'Call note for lead 90','2024-07-02 19:35:49'),(181,4,33,42,91,'Call note for lead 91','2024-04-23 22:23:13'),(182,5,225,16,91,'Call note for lead 91','2024-07-11 15:01:18'),(183,5,140,18,92,'Call note for lead 92','2024-01-01 19:23:49'),(184,2,232,16,92,'Call note for lead 92','2024-04-19 10:30:05'),(185,4,85,51,93,'Call note for lead 93','2024-02-07 19:57:38'),(186,7,9,33,93,'Call note for lead 93','2024-04-24 15:59:29'),(187,9,211,55,94,'Call note for lead 94','2024-01-19 14:33:09'),(188,1,98,50,94,'Call note for lead 94','2024-01-18 01:02:29'),(189,5,29,25,95,'Call note for lead 95','2024-03-06 03:59:17'),(190,10,213,33,95,'Call note for lead 95','2024-07-06 08:56:38'),(191,9,81,15,96,'Call note for lead 96','2024-02-13 07:55:17'),(192,2,55,26,96,'Call note for lead 96','2024-10-29 18:40:33'),(193,4,166,17,97,'Call note for lead 97','2024-03-24 07:57:49'),(194,6,152,34,97,'Call note for lead 97','2024-03-19 04:37:04'),(195,7,139,20,98,'Call note for lead 98','2024-10-08 22:26:04'),(196,5,81,53,98,'Call note for lead 98','2024-02-14 03:03:01'),(197,6,87,42,99,'Call note for lead 99','2024-03-12 21:43:38'),(198,4,175,36,99,'Call note for lead 99','2024-05-28 02:04:30'),(199,6,59,29,100,'Call note for lead 100','2024-01-16 21:27:27'),(200,6,69,9,100,'Call note for lead 100','2024-09-19 11:12:27'),(201,1,106,4669,47,NULL,'2025-01-03 12:42:57'),(202,1,134,8229,52,NULL,'2025-01-03 13:24:48'),(203,1,83,6482,1,NULL,'2025-01-04 07:05:39'),(204,1,81,3914,1,NULL,'2025-01-04 10:55:58'),(205,1,89,4844,99,NULL,'2025-01-04 10:59:39'),(206,1,217,12603,59,NULL,'2025-01-04 11:06:24'),(207,1,201,5934,68,NULL,'2025-01-04 11:21:23'),(208,1,97,3630,79,NULL,'2025-01-04 12:42:52');
/*!40000 ALTER TABLE `calls` ENABLE KEYS */;
UNLOCK TABLES;

--
-- Table structure for table `contacts`
--

DROP TABLE IF EXISTS `contacts`;
/*!40101 SET @saved_cs_client     = @@character_set_client */;
/*!50503 SET character_set_client = utf8mb4 */;
CREATE TABLE `contacts` (
  `contactID` int NOT NULL AUTO_INCREMENT,
  `name` varchar(255) DEFAULT NULL,
  `email` varchar(255) DEFAULT NULL,
  `mobileNo` varchar(255) DEFAULT NULL,
  `restaurantID` int DEFAULT NULL,
  `role` varchar(255) DEFAULT NULL,
  PRIMARY KEY (`contactID`),
  KEY `restaurantID` (`restaurantID`),
  CONSTRAINT `contacts_ibfk_1` FOREIGN KEY (`restaurantID`) REFERENCES `restaurants` (`restaurantID`)
) ENGINE=InnoDB AUTO_INCREMENT=244 DEFAULT CHARSET=utf8mb4 COLLATE=utf8mb4_0900_ai_ci;
/*!40101 SET character_set_client = @saved_cs_client */;

--
-- Dumping data for table `contacts`
--

LOCK TABLES `contacts` WRITE;
/*!40000 ALTER TABLE `contacts` DISABLE KEYS */;
INSERT INTO `contacts` VALUES (1,'Contact 1','contact1@example.com','2752271958',1,'Manager'),(2,'Contact 2','contact2@example.com','7060738026',1,'Chef'),(3,'Contact 3','contact3@example.com','6290674281',1,'Chef'),(4,'Contact 4','contact4@example.com','4435758442',1,'Staff'),(5,'Contact 5','contact5@example.com','1138459099',2,'Staff'),(6,'Contact 6','contact6@example.com','1301414260',2,'Staff'),(7,'Contact 7','contact7@example.com','4643298633',2,'Staff'),(8,'Contact 8','contact8@example.com','5906715636',2,'Staff'),(9,'Contact 9','contact9@example.com','1469040631',3,'Staff'),(10,'Contact 10','contact10@example.com','2675657836',3,'Manager'),(11,'Contact 11','contact11@example.com','6141502944',3,'Owner'),(12,'Contact 12','contact12@example.com','2507750540',3,'Staff'),(13,'Contact 13','contact13@example.com','7034442120',4,'Chef'),(14,'Contact 14','contact14@example.com','8636873520',4,'Owner'),(15,'Contact 15','contact15@example.com','8291357027',4,'Staff'),(16,'Contact 16','contact16@example.com','5416020069',4,'Staff'),(17,'Contact 17','contact17@example.com','2226794628',5,'Manager'),(18,'Contact 18','contact18@example.com','5904989804',5,'Manager'),(19,'Contact 19','contact19@example.com','5148998663',5,'Owner'),(20,'Contact 20','contact20@example.com','9057789354',5,'Owner'),(21,'Contact 21','contact21@example.com','9958583805',6,'Manager'),(22,'Contact 22','contact22@example.com','2542171214',6,'Staff'),(23,'Contact 23','contact23@example.com','5799332129',6,'Manager'),(24,'Contact 24','contact24@example.com','4694818375',6,'Manager'),(25,'Contact 25','contact25@example.com','6671019140',7,'Owner'),(26,'Contact 26','contact26@example.com','5050031686',7,'Staff'),(27,'Contact 27','contact27@example.com','9381717641',7,'Chef'),(28,'Contact 28','contact28@example.com','2217530415',7,'Staff'),(29,'Contact 29','contact29@example.com','2228286335',8,'Chef'),(30,'Contact 30','contact30@example.com','4002330672',8,'Manager'),(31,'Contact 31','contact31@example.com','8302812606',8,'Staff'),(32,'Contact 32','contact32@example.com','2097352464',8,'Staff'),(33,'Contact 33','contact33@example.com','2207405818',9,'Chef'),(34,'Contact 34','contact34@example.com','5011925726',9,'Manager'),(35,'Contact 35','contact35@example.com','7488017060',9,'Chef'),(36,'Contact 36','contact36@example.com','6678822152',9,'Owner'),(37,'Contact 37','contact37@example.com','5666400758',10,'Chef'),(38,'Contact 38','contact38@example.com','1293236685',10,'Owner'),(39,'Contact 39','contact39@example.com','5373833321',10,'Owner'),(40,'Contact 40','contact40@example.com','7279725068',10,'Manager'),(41,'Contact 41','contact41@example.com','4346415676',11,'Staff'),(42,'Contact 42','contact42@example.com','1658031906',11,'Staff'),(43,'Contact 43','contact43@example.com','2501250017',11,'Chef'),(44,'Contact 44','contact44@example.com','5714731030',11,'Owner'),(45,'Contact 45','contact45@example.com','6785531253',12,'Staff'),(46,'Contact 46','contact46@example.com','2615292065',12,'Owner'),(47,'Contact 47','contact47@example.com','1531874804',12,'Staff'),(48,'Contact 48','contact48@example.com','1093229680',12,'Chef'),(49,'Contact 49','contact49@example.com','8041610902',13,'Chef'),(50,'Contact 50','contact50@example.com','6737419853',13,'Staff'),(51,'Contact 51','contact51@example.com','6630912621',13,'Chef'),(52,'Contact 52','contact52@example.com','7704756228',13,'Staff'),(53,'Contact 53','contact53@example.com','5980611352',14,'Manager'),(54,'Contact 54','contact54@example.com','1714992927',14,'Staff'),(55,'Contact 55','contact55@example.com','2638698269',14,'Owner'),(56,'Contact 56','contact56@example.com','6213727292',14,'Owner'),(57,'Contact 57','contact57@example.com','8085201886',15,'Chef'),(58,'Contact 58','contact58@example.com','2712552470',15,'Manager'),(59,'Contact 59','contact59@example.com','9947119975',15,'Staff'),(60,'Contact 60','contact60@example.com','8579799597',15,'Owner'),(61,'Contact 61','contact61@example.com','2735120392',16,'Staff'),(62,'Contact 62','contact62@example.com','1535961238',16,'Staff'),(63,'Contact 63','contact63@example.com','5964285371',16,'Chef'),(64,'Contact 64','contact64@example.com','3889291932',16,'Chef'),(65,'Contact 65','contact65@example.com','4965552825',17,'Manager'),(66,'Contact 66','contact66@example.com','2639585983',17,'Owner'),(67,'Contact 67','contact67@example.com','9674408804',17,'Owner'),(68,'Contact 68','contact68@example.com','5709993799',17,'Chef'),(69,'Contact 69','contact69@example.com','1442134647',18,'Owner'),(70,'Contact 70','contact70@example.com','5877213236',18,'Staff'),(71,'Contact 71','contact71@example.com','8046097345',18,'Manager'),(72,'Contact 72','contact72@example.com','8733036188',18,'Owner'),(73,'Contact 73','contact73@example.com','7758895227',19,'Manager'),(74,'Contact 74','contact74@example.com','8322632012',19,'Chef'),(75,'Contact 75','contact75@example.com','3114728885',19,'Owner'),(76,'Contact 76','contact76@example.com','5593863251',19,'Manager'),(77,'Contact 77','contact77@example.com','9760435408',20,'Manager'),(78,'Contact 78','contact78@example.com','3446350772',20,'Staff'),(79,'Contact 79','contact79@example.com','2702048658',20,'Owner'),(80,'Contact 80','contact80@example.com','2160068049',20,'Staff'),(81,'Contact 81','contact81@example.com','1378403279',21,'Chef'),(82,'Contact 82','contact82@example.com','1516854595',21,'Staff'),(83,'Contact 83','contact83@example.com','4402659743',21,'Manager'),(84,'Contact 84','contact84@example.com','9225057715',21,'Staff'),(85,'Contact 85','contact85@example.com','2310833064',22,'Chef'),(86,'Contact 86','contact86@example.com','2306898961',22,'Staff'),(87,'Contact 87','contact87@example.com','4829587006',22,'Chef'),(88,'Contact 88','contact88@example.com','7244046118',22,'Manager'),(89,'Contact 89','contact89@example.com','5832873251',23,'Staff'),(90,'Contact 90','contact90@example.com','7535147589',23,'Chef'),(91,'Contact 91','contact91@example.com','4928093612',23,'Manager'),(92,'Contact 92','contact92@example.com','5757960076',23,'Owner'),(93,'Contact 93','contact93@example.com','3187915513',24,'Manager'),(94,'Contact 94','contact94@example.com','6228141819',24,'Chef'),(95,'Contact 95','contact95@example.com','6655545108',24,'Owner'),(96,'Contact 96','contact96@example.com','6514007935',24,'Staff'),(97,'Contact 97','contact97@example.com','2384584308',25,'Chef'),(98,'Contact 98','contact98@example.com','8816194921',25,'Manager'),(99,'Contact 99','contact99@example.com','4834390491',25,'Manager'),(100,'Contact 100','contact100@example.com','3560279545',25,'Manager'),(101,'Contact 101','contact101@example.com','6345570011',26,'Staff'),(102,'Contact 102','contact102@example.com','4111003086',26,'Manager'),(103,'Contact 103','contact103@example.com','9154041164',26,'Manager'),(104,'Contact 104','contact104@example.com','8866717524',26,'Chef'),(105,'Contact 105','contact105@example.com','7921858802',27,'Chef'),(106,'Contact 106','contact106@example.com','1854616290',27,'Staff'),(107,'Contact 107','contact107@example.com','3767383888',27,'Manager'),(108,'Contact 108','contact108@example.com','9110304077',27,'Manager'),(109,'Contact 109','contact109@example.com','2544270067',28,'Chef'),(110,'Contact 110','contact110@example.com','4287400344',28,'Manager'),(111,'Contact 111','contact111@example.com','4237846466',28,'Chef'),(112,'Contact 112','contact112@example.com','7193507991',28,'Owner'),(113,'Contact 113','contact113@example.com','1149755489',29,'Owner'),(114,'Contact 114','contact114@example.com','2759755579',29,'Staff'),(115,'Contact 115','contact115@example.com','9181469046',29,'Owner'),(116,'Contact 116','contact116@example.com','5065000140',29,'Manager'),(117,'Contact 117','contact117@example.com','7688356129',30,'Chef'),(118,'Contact 118','contact118@example.com','9745775677',30,'Staff'),(119,'Contact 119','contact119@example.com','1020782473',30,'Manager'),(120,'Contact 120','contact120@example.com','9490454349',30,'Owner'),(121,'Contact 121','contact121@example.com','4157463669',31,'Owner'),(122,'Contact 122','contact122@example.com','6821576073',31,'Manager'),(123,'Contact 123','contact123@example.com','3363047610',31,'Owner'),(124,'Contact 124','contact124@example.com','3175123497',31,'Staff'),(125,'Contact 125','contact125@example.com','6235378214',32,'Staff'),(126,'Contact 126','contact126@example.com','9319673868',32,'Chef'),(127,'Contact 127','contact127@example.com','2257250165',32,'Chef'),(128,'Contact 128','contact128@example.com','2877482142',32,'Staff'),(129,'Contact 129','contact129@example.com','3703836850',33,'Staff'),(130,'Contact 130','contact130@example.com','7686056442',33,'Owner'),(131,'Contact 131','contact131@example.com','1273383694',33,'Manager'),(132,'Contact 132','contact132@example.com','7980491735',33,'Owner'),(133,'Contact 133','contact133@example.com','2783166523',34,'Chef'),(134,'Contact 134','contact134@example.com','2169255617',34,'Owner'),(135,'Contact 135','contact135@example.com','7180252651',34,'Manager'),(136,'Contact 136','contact136@example.com','9305523346',34,'Chef'),(137,'Contact 137','contact137@example.com','8250691550',35,'Chef'),(138,'Contact 138','contact138@example.com','8759592625',35,'Owner'),(139,'Contact 139','contact139@example.com','3594738140',35,'Owner'),(140,'Contact 140','contact140@example.com','4376080054',35,'Owner'),(141,'Contact 141','contact141@example.com','8312608182',36,'Staff'),(142,'Contact 142','contact142@example.com','7750826506',36,'Manager'),(143,'Contact 143','contact143@example.com','2289864684',36,'Staff'),(144,'Contact 144','contact144@example.com','1903618899',36,'Chef'),(145,'Contact 145','contact145@example.com','9729367338',37,'Owner'),(146,'Contact 146','contact146@example.com','9448940690',37,'Owner'),(147,'Contact 147','contact147@example.com','7509157282',37,'Manager'),(148,'Contact 148','contact148@example.com','8663700118',37,'Chef'),(149,'Contact 149','contact149@example.com','5181949037',38,'Chef'),(150,'Contact 150','contact150@example.com','6830002510',38,'Chef'),(151,'Contact 151','contact151@example.com','6056225602',38,'Staff'),(152,'Contact 152','contact152@example.com','3773896948',38,'Staff'),(153,'Contact 153','contact153@example.com','8530899307',39,'Chef'),(154,'Contact 154','contact154@example.com','6150379940',39,'Staff'),(155,'Contact 155','contact155@example.com','8372412033',39,'Manager'),(156,'Contact 156','contact156@example.com','3704266260',39,'Staff'),(157,'Contact 157','contact157@example.com','3398774062',40,'Manager'),(158,'Contact 158','contact158@example.com','8244354638',40,'Manager'),(159,'Contact 159','contact159@example.com','4696129294',40,'Staff'),(160,'Contact 160','contact160@example.com','5876498756',40,'Manager'),(161,'Contact 161','contact161@example.com','3360224953',41,'Manager'),(162,'Contact 162','contact162@example.com','3565897239',41,'Manager'),(163,'Contact 163','contact163@example.com','8919812141',41,'Chef'),(164,'Contact 164','contact164@example.com','6391507174',41,'Owner'),(165,'Contact 165','contact165@example.com','9014138748',42,'Manager'),(166,'Contact 166','contact166@example.com','8094968944',42,'Staff'),(167,'Contact 167','contact167@example.com','9928260576',42,'Owner'),(168,'Contact 168','contact168@example.com','5880291661',42,'Owner'),(169,'Contact 169','contact169@example.com','6125489122',43,'Owner'),(170,'Contact 170','contact170@example.com','6339424122',43,'Manager'),(171,'Contact 171','contact171@example.com','1288822141',43,'Chef'),(172,'Contact 172','contact172@example.com','3196797293',43,'Staff'),(173,'Contact 173','contact173@example.com','6387812345',44,'Staff'),(174,'Contact 174','contact174@example.com','8403099545',44,'Manager'),(175,'Contact 175','contact175@example.com','9118636073',44,'Staff'),(176,'Contact 176','contact176@example.com','7531418548',44,'Staff'),(177,'Contact 177','contact177@example.com','9979356566',45,'Owner'),(178,'Contact 178','contact178@example.com','5945534331',45,'Chef'),(179,'Contact 179','contact179@example.com','6467873533',45,'Staff'),(180,'Contact 180','contact180@example.com','8210784674',45,'Owner'),(181,'Contact 181','contact181@example.com','2611811384',46,'Manager'),(182,'Contact 182','contact182@example.com','7442194684',46,'Staff'),(183,'Contact 183','contact183@example.com','3184588973',46,'Manager'),(184,'Contact 184','contact184@example.com','2713624763',46,'Staff'),(185,'Contact 185','contact185@example.com','9521997899',47,'Staff'),(186,'Contact 186','contact186@example.com','7891171563',47,'Manager'),(187,'Contact 187','contact187@example.com','2593407305',47,'Owner'),(188,'Contact 188','contact188@example.com','7393581525',47,'Chef'),(189,'Contact 189','contact189@example.com','5442067827',48,'Staff'),(190,'Contact 190','contact190@example.com','4739468545',48,'Staff'),(191,'Contact 191','contact191@example.com','2789226411',48,'Staff'),(192,'Contact 192','contact192@example.com','9459845720',48,'Owner'),(193,'Contact 193','contact193@example.com','6162184037',49,'Chef'),(194,'Contact 194','contact194@example.com','3841810170',49,'Owner'),(195,'Contact 195','contact195@example.com','3261440715',49,'Manager'),(196,'Contact 196','contact196@example.com','6383837042',49,'Staff'),(197,'Contact 197','contact197@example.com','7473171880',50,'Owner'),(198,'Contact 198','contact198@example.com','4188401396',50,'Manager'),(199,'Contact 199','contact199@example.com','9063194025',50,'Owner'),(200,'Contact 200','contact200@example.com','6294804555',50,'Staff'),(201,'Contact 201','contact201@example.com','3712091320',51,'Manager'),(202,'Contact 202','contact202@example.com','3336587564',51,'Manager'),(203,'Contact 203','contact203@example.com','4846269188',51,'Manager'),(204,'Contact 204','contact204@example.com','7160851395',51,'Manager'),(205,'Contact 205','contact205@example.com','7568448762',52,'Manager'),(206,'Contact 206','contact206@example.com','9318576778',52,'Owner'),(207,'Contact 207','contact207@example.com','6726925463',52,'Chef'),(208,'Contact 208','contact208@example.com','2000365576',52,'Manager'),(209,'Contact 209','contact209@example.com','7712993713',53,'Manager'),(210,'Contact 210','contact210@example.com','9646048154',53,'Owner'),(211,'Contact 211','contact211@example.com','7748750324',53,'Owner'),(212,'Contact 212','contact212@example.com','8512257788',53,'Manager'),(213,'Contact 213','contact213@example.com','9746112671',54,'Staff'),(214,'Contact 214','contact214@example.com','3248322043',54,'Staff'),(215,'Contact 215','contact215@example.com','2049467952',54,'Chef'),(216,'Contact 216','contact216@example.com','5829891118',54,'Manager'),(217,'Contact 217','contact217@example.com','2691843963',55,'Manager'),(218,'Contact 218','contact218@example.com','3506535609',55,'Staff'),(219,'Contact 219','contact219@example.com','6305129073',55,'Manager'),(220,'Contact 220','contact220@example.com','5876505251',55,'Chef'),(221,'Contact 221','contact221@example.com','6276552404',56,'Chef'),(222,'Contact 222','contact222@example.com','5141924262',56,'Chef'),(223,'Contact 223','contact223@example.com','5955248901',56,'Owner'),(224,'Contact 224','contact224@example.com','4705358954',56,'Staff'),(225,'Contact 225','contact225@example.com','4400603585',57,'Manager'),(226,'Contact 226','contact226@example.com','2388232508',57,'Staff'),(227,'Contact 227','contact227@example.com','5178696967',57,'Manager'),(228,'Contact 228','contact228@example.com','7521502758',57,'Owner'),(229,'Contact 229','contact229@example.com','1746278225',58,'Manager'),(230,'Contact 230','contact230@example.com','5513785146',58,'Staff'),(231,'Contact 231','contact231@example.com','1326601456',58,'Manager'),(232,'Contact 232','contact232@example.com','9180690003',58,'Staff'),(233,'Contact 233','contact233@example.com','5966000985',59,'Manager'),(234,'Contact 234','contact234@example.com','7530794928',59,'Owner'),(235,'Contact 235','contact235@example.com','9984593065',59,'Manager'),(236,'Contact 236','contact236@example.com','4256819808',59,'Chef'),(237,'Contact 237','contact237@example.com','7573932193',60,'Manager'),(238,'Contact 238','contact238@example.com','6219677132',60,'Chef'),(239,'Contact 239','contact239@example.com','7171764579',60,'Staff'),(240,'Contact 240','contact240@example.com','6485095151',60,'Owner'),(241,'sas','sas22','222',61,'sas'),(242,'wqwq','wen@dmwmd','5454545',62,'dsd'),(243,'John Doe','john@email.com','456456',1,'sasa');
/*!40000 ALTER TABLE `contacts` ENABLE KEYS */;
UNLOCK TABLES;

--
-- Table structure for table `leads`
--

DROP TABLE IF EXISTS `leads`;
/*!40101 SET @saved_cs_client     = @@character_set_client */;
/*!50503 SET character_set_client = utf8mb4 */;
CREATE TABLE `leads` (
  `leadID` int NOT NULL AUTO_INCREMENT,
  `title` varchar(255) DEFAULT NULL,
  `status` enum('new','done','cancelled') DEFAULT 'new',
  `restaurantID` int DEFAULT NULL,
  `created_at` timestamp NULL DEFAULT CURRENT_TIMESTAMP,
  `call_frequency` int DEFAULT NULL,
  `total_value` int DEFAULT NULL,
  `accountID` int DEFAULT NULL,
  `assigned_to` int DEFAULT NULL,
  PRIMARY KEY (`leadID`),
  KEY `restaurantID` (`restaurantID`),
  KEY `accountID` (`accountID`),
  CONSTRAINT `leads_ibfk_1` FOREIGN KEY (`restaurantID`) REFERENCES `restaurants` (`restaurantID`),
  CONSTRAINT `leads_ibfk_2` FOREIGN KEY (`accountID`) REFERENCES `accounts` (`accountID`)
) ENGINE=InnoDB AUTO_INCREMENT=118 DEFAULT CHARSET=utf8mb4 COLLATE=utf8mb4_0900_ai_ci;
/*!40101 SET character_set_client = @saved_cs_client */;

--
-- Dumping data for table `leads`
--

LOCK TABLES `leads` WRITE;
/*!40000 ALTER TABLE `leads` DISABLE KEYS */;
INSERT INTO `leads` VALUES (1,'Restaurant 21: Product 105, Product 145, Product 58','new',21,'2024-11-30 03:51:59',1,9905,3,10),(2,'Restaurant 31: Product 126, Product 200, Product 94','done',31,'2024-05-11 09:24:22',3,4896,5,10),(3,'Restaurant 55: Product 124, Product 169, Product 193','cancelled',55,'2024-03-26 04:17:08',1,8714,5,10),(4,'Restaurant 23: Product 25, Product 39, Product 56','cancelled',23,'2024-09-19 14:13:54',3,1383,7,10),(5,'Restaurant 2: Product 175, Product 4, Product 43','cancelled',2,'2024-01-20 14:09:04',4,1894,3,10),(6,'Restaurant 6: Product 142, Product 153, Product 3','new',6,'2024-09-06 15:41:00',3,2495,9,10),(7,'Restaurant 60: Product 183, Product 65, Product 76','new',60,'2024-07-07 03:58:58',5,8330,6,10),(8,'Restaurant 19: Product 145, Product 157, Product 199','done',19,'2024-01-11 11:08:40',3,9933,5,10),(9,'Restaurant 37: Product 185, Product 19, Product 191','cancelled',37,'2024-08-07 03:47:40',4,6844,5,10),(10,'Restaurant 10: Product 123, Product 27, Product 80','cancelled',10,'2024-04-04 06:07:44',2,6544,2,2),(11,'Restaurant 9: Product 120, Product 163, Product 178','new',9,'2024-04-09 08:30:04',1,1239,8,2),(12,'Restaurant 1: Product 108, Product 47, Product 7','cancelled',1,'2024-08-26 05:45:14',4,8237,8,2),(13,'Restaurant 20: Product 140, Product 146, Product 167','done',20,'2024-03-22 04:19:08',5,7914,9,2),(14,'Restaurant 49: Product 151, Product 174, Product 30','new',49,'2024-01-20 22:43:54',4,2619,5,2),(15,'Restaurant 22: Product 106, Product 30, Product 80','done',22,'2024-10-30 13:54:58',5,8740,4,2),(16,'Restaurant 30: Product 162, Product 175, Product 46','done',30,'2024-07-05 07:25:42',1,7372,10,2),(17,'Restaurant 7: Product 143, Product 179, Product 44','done',7,'2024-07-13 16:12:26',5,6746,5,2),(18,'Restaurant 28: Product 12, Product 145, Product 145','done',28,'2024-07-17 02:54:14',3,4799,1,2),(19,'Restaurant 25: Product 175, Product 4, Product 66','done',25,'2024-07-02 03:24:41',3,1435,1,2),(20,'Restaurant 10: Product 182, Product 93, Product 96','done',10,'2024-03-31 17:21:40',1,1999,6,2),(21,'Restaurant 46: Product 116, Product 148, Product 65','done',46,'2024-06-28 07:16:05',4,5803,8,3),(22,'Restaurant 1: Product 109, Product 16, Product 175','done',1,'2024-02-20 17:21:57',5,8654,2,3),(23,'Restaurant 53: Product 116, Product 33, Product 62','cancelled',53,'2024-08-10 00:53:18',1,6513,2,3),(24,'Restaurant 17: Product 181, Product 34, Product 67','cancelled',17,'2024-03-09 13:30:07',4,9514,10,3),(25,'Restaurant 38: Product 127, Product 158, Product 6','done',38,'2024-09-26 07:36:48',3,8228,3,3),(26,'Restaurant 49: Product 156, Product 187, Product 33','new',49,'2024-05-16 06:54:32',4,3080,6,3),(27,'Restaurant 37: Product 28, Product 65, Product 8','new',37,'2024-05-26 05:56:58',4,8667,4,3),(28,'Restaurant 38: Product 52, Product 56, Product 97','cancelled',38,'2024-08-25 08:41:06',4,7004,6,3),(29,'Restaurant 25: Product 176, Product 5, Product 61','done',25,'2024-01-09 22:41:19',3,7037,3,3),(30,'Restaurant 31: Product 131, Product 192, Product 78','done',31,'2024-02-25 05:29:23',1,4149,10,3),(31,'Restaurant 35: Product 108, Product 156, Product 173','done',35,'2024-09-27 08:26:29',3,1609,10,4),(32,'Restaurant 20: Product 1, Product 112, Product 142','done',20,'2024-04-11 21:03:38',1,4815,10,4),(33,'Restaurant 6: Product 126, Product 182, Product 74','cancelled',6,'2024-04-25 08:47:56',4,2457,9,4),(34,'Restaurant 25: Product 11, Product 157, Product 188','done',25,'2024-05-30 03:45:50',4,9111,9,4),(35,'Restaurant 46: Product 111, Product 133, Product 7','cancelled',46,'2024-07-08 06:04:22',5,5777,7,4),(36,'Restaurant 7: Product 6, Product 65, Product 82','cancelled',7,'2024-02-03 03:49:37',5,7489,7,4),(37,'Restaurant 47: Product 191, Product 45, Product 92','new',47,'2024-02-20 15:47:09',2,5898,3,4),(38,'Restaurant 20: Product 108, Product 182, Product 24','new',20,'2024-03-16 02:11:04',4,8711,10,4),(39,'Restaurant 37: Product 115, Product 149, Product 75','done',37,'2024-08-18 23:23:23',1,7718,7,4),(40,'Restaurant 47: Product 124, Product 28, Product 88','done',47,'2024-02-18 02:07:54',5,4467,4,4),(41,'Restaurant 7: Product 136, Product 25, Product 30','done',7,'2024-07-18 21:49:06',3,6087,10,6),(42,'Restaurant 15: Product 143, Product 85, Product 93','cancelled',15,'2024-01-05 22:28:41',3,3086,5,6),(43,'Restaurant 52: Product 127, Product 186, Product 51','new',52,'2024-07-24 21:15:43',5,8752,4,6),(44,'Restaurant 44: Product 168, Product 60, Product 62','done',44,'2024-08-07 06:58:34',1,3282,6,6),(45,'Restaurant 41: Product 120, Product 143, Product 167','done',41,'2024-07-04 03:38:59',3,9064,8,6),(46,'Restaurant 35: Product 102, Product 127, Product 172','cancelled',35,'2024-04-11 17:30:14',3,6032,10,6),(47,'Restaurant 27: Product 158, Product 17, Product 8','new',27,'2024-09-24 18:22:10',4,6876,4,6),(48,'Restaurant 39: Product 141, Product 152, Product 92','cancelled',39,'2024-03-02 18:08:18',1,9203,9,6),(49,'Restaurant 35: Product 177, Product 190, Product 27','done',35,'2024-12-24 04:45:12',2,6108,5,6),(50,'Restaurant 44: Product 123, Product 133, Product 86','done',44,'2024-07-07 09:35:42',4,1448,3,6),(51,'Restaurant 56: Product 104, Product 157, Product 176','done',56,'2024-05-19 03:03:36',1,4760,8,6),(52,'Restaurant 34: Product 165, Product 2, Product 48','cancelled',34,'2024-12-27 16:34:27',4,8665,2,6),(53,'Restaurant 58: Product 180, Product 194, Product 77','cancelled',58,'2024-09-25 00:32:53',4,2779,1,6),(54,'Restaurant 32: Product 130, Product 146, Product 32','done',32,'2024-08-16 21:38:09',5,4841,1,6),(55,'Restaurant 58: Product 126, Product 7, Product 83','new',58,'2024-05-26 16:48:35',5,8983,2,6),(56,'Restaurant 4: Product 125, Product 68, Product 98','cancelled',4,'2024-02-10 22:34:21',2,8528,9,6),(57,'Restaurant 16: Product 132, Product 169, Product 77','done',16,'2024-09-25 11:50:57',4,6567,7,6),(58,'Restaurant 33: Product 153, Product 196, Product 59','new',33,'2024-09-21 09:53:35',2,3684,10,6),(59,'Restaurant 55: Product 185, Product 189, Product 193','new',55,'2024-03-09 12:17:50',2,2040,6,6),(60,'Restaurant 48: Product 126, Product 191, Product 23','cancelled',48,'2024-02-17 22:08:54',4,7804,10,6),(61,'Restaurant 12: Product 185, Product 20, Product 90','cancelled',12,'2024-09-29 15:21:04',3,1513,9,7),(62,'Restaurant 34: Product 176, Product 198, Product 72','cancelled',34,'2024-11-29 12:40:33',4,7810,7,7),(63,'Restaurant 25: Product 137, Product 19, Product 54','done',25,'2024-07-05 15:44:56',5,4453,2,7),(64,'Restaurant 17: Product 193, Product 20, Product 61','done',17,'2024-06-02 19:17:26',1,1974,8,7),(65,'Restaurant 46: Product 155, Product 33, Product 56','cancelled',46,'2024-03-11 02:37:14',3,6544,1,7),(66,'Restaurant 37: Product 130, Product 169, Product 50','done',37,'2024-08-11 18:18:29',2,3193,3,7),(67,'Restaurant 32: Product 155, Product 70, Product 93','cancelled',32,'2024-05-21 13:35:28',2,1192,8,7),(68,'Restaurant 51: Product 144, Product 145, Product 88','new',51,'2024-01-13 13:49:53',1,5745,6,7),(69,'Restaurant 49: Product 150, Product 35, Product 36','done',49,'2024-09-06 23:01:33',1,6759,1,7),(70,'Restaurant 15: Product 154, Product 39, Product 88','done',15,'2024-05-22 12:18:52',2,6476,1,7),(71,'Restaurant 46: Product 100, Product 164, Product 25','new',46,'2024-08-19 11:19:22',5,8833,1,8),(72,'Restaurant 36: Product 105, Product 122, Product 2','cancelled',36,'2024-09-06 12:13:34',1,8631,1,8),(73,'Restaurant 3: Product 126, Product 159, Product 193','done',3,'2024-03-21 02:56:18',2,6560,1,8),(74,'Restaurant 48: Product 123, Product 152, Product 167','done',48,'2024-12-05 20:52:31',4,1421,3,8),(75,'Restaurant 42: Product 16, Product 43, Product 62','done',42,'2024-01-07 00:49:17',4,7429,1,8),(76,'Restaurant 32: Product 136, Product 2, Product 70','new',32,'2024-05-10 12:48:57',5,4609,4,8),(77,'Restaurant 2: Product 119, Product 161, Product 91','done',2,'2024-01-31 11:15:36',5,7334,2,8),(78,'Restaurant 14: Product 113, Product 155, Product 87','done',14,'2024-10-02 11:41:48',5,9325,5,8),(79,'Restaurant 25: Product 115, Product 174, Product 42','new',25,'2024-11-03 06:50:01',2,8131,4,8),(80,'Restaurant 34: Product 143, Product 15, Product 60','new',34,'2024-04-23 13:00:02',2,2667,5,8),(81,'Restaurant 15: Product 137, Product 182, Product 59','new',15,'2024-06-08 12:46:39',2,5274,7,9),(82,'Restaurant 54: Product 127, Product 16, Product 170','done',54,'2024-04-04 17:01:21',1,2337,5,9),(83,'Restaurant 41: Product 123, Product 189, Product 99','new',41,'2024-12-04 03:10:14',3,2413,4,9),(84,'Restaurant 56: Product 199, Product 53, Product 87','new',56,'2024-01-20 11:02:39',4,5650,4,9),(85,'Restaurant 9: Product 126, Product 155, Product 37','new',9,'2024-07-04 07:22:04',5,7967,9,9),(86,'Restaurant 38: Product 14, Product 162, Product 76','new',38,'2024-06-25 19:49:33',1,2115,1,9),(87,'Restaurant 4: Product 114, Product 116, Product 83','done',4,'2024-09-24 11:41:37',4,3034,10,9),(88,'Restaurant 16: Product 169, Product 192, Product 50','done',16,'2024-04-02 03:51:14',3,9850,5,9),(89,'Restaurant 32: Product 146, Product 199, Product 35','cancelled',32,'2024-09-04 21:20:11',2,5233,3,9),(90,'Restaurant 35: Product 109, Product 161, Product 181','new',35,'2024-10-29 04:09:54',2,5868,1,9),(91,'Restaurant 22: Product 105, Product 171, Product 173','done',22,'2024-02-25 21:41:52',4,7975,9,1),(92,'Restaurant 37: Product 186, Product 53, Product 70','done',37,'2024-04-19 11:20:23',2,2670,7,1),(93,'Restaurant 2: Product 12, Product 120, Product 188','done',2,'2024-08-12 17:21:04',3,2908,8,1),(94,'Restaurant 28: Product 157, Product 81, Product 97','done',28,'2024-03-18 23:57:09',2,7771,5,1),(95,'Restaurant 51: Product 152, Product 19, Product 96','cancelled',51,'2024-03-10 19:03:54',4,3817,6,1),(96,'Restaurant 5: Product 112, Product 197, Product 48','done',5,'2024-06-28 04:15:14',3,4334,6,1),(97,'Restaurant 19: Product 114, Product 158, Product 7','done',19,'2024-05-17 11:04:46',2,8139,9,1),(98,'Restaurant 22: Product 168, Product 181, Product 97','new',22,'2024-10-24 05:38:40',5,8183,4,1),(99,'Restaurant 23: Product 189, Product 192, Product 199','new',23,'2024-06-07 13:41:46',2,9350,8,1),(100,'Restaurant 53: Product 10, Product 169, Product 81','done',53,'2024-10-27 13:20:17',2,4180,5,1);
/*!40000 ALTER TABLE `leads` ENABLE KEYS */;
UNLOCK TABLES;

--
-- Table structure for table `orders`
--

DROP TABLE IF EXISTS `orders`;
/*!40101 SET @saved_cs_client     = @@character_set_client */;
/*!50503 SET character_set_client = utf8mb4 */;
CREATE TABLE `orders` (
  `orderID` int NOT NULL AUTO_INCREMENT,
  `productID` int DEFAULT NULL,
  `restaurantID` int DEFAULT NULL,
  `total_price` int DEFAULT NULL,
  `ordered_at` timestamp NULL DEFAULT CURRENT_TIMESTAMP,
  `leadID` int DEFAULT NULL,
  `quantity` int DEFAULT NULL,
  `status` enum('new','done','cancelled') DEFAULT 'new',
  PRIMARY KEY (`orderID`),
  KEY `productID` (`productID`),
  KEY `restaurantID` (`restaurantID`),
  KEY `leadID` (`leadID`),
  CONSTRAINT `orders_ibfk_1` FOREIGN KEY (`productID`) REFERENCES `products` (`productID`),
  CONSTRAINT `orders_ibfk_2` FOREIGN KEY (`restaurantID`) REFERENCES `restaurants` (`restaurantID`),
  CONSTRAINT `orders_ibfk_3` FOREIGN KEY (`leadID`) REFERENCES `leads` (`leadID`)
) ENGINE=InnoDB AUTO_INCREMENT=309 DEFAULT CHARSET=utf8mb4 COLLATE=utf8mb4_0900_ai_ci;
/*!40101 SET character_set_client = @saved_cs_client */;

--
-- Dumping data for table `orders`
--

LOCK TABLES `orders` WRITE;
/*!40000 ALTER TABLE `orders` DISABLE KEYS */;
INSERT INTO `orders` VALUES (1,70,24,2289,'2024-11-19 23:24:01',1,12,'new'),(2,58,43,4850,'2024-01-07 09:47:45',1,9,'new'),(3,70,37,1646,'2024-04-27 10:21:14',1,12,'new'),(4,70,15,2371,'2024-05-08 14:14:06',2,12,'done'),(5,200,52,2624,'2024-04-09 12:47:50',2,12,'cancelled'),(6,70,25,2716,'2024-03-20 14:21:30',2,18,'cancelled'),(7,70,22,4065,'2024-09-13 09:48:16',3,19,'done'),(8,193,38,794,'2024-06-25 05:06:50',3,5,'done'),(9,35,24,3800,'2024-10-15 08:07:19',3,14,'done'),(10,39,6,3443,'2024-11-29 02:07:06',4,16,'done'),(11,56,47,2357,'2024-09-23 02:02:03',4,13,'cancelled'),(12,25,11,3315,'2024-12-16 01:30:56',4,13,'cancelled'),(13,43,41,728,'2024-03-13 19:08:18',5,1,'new'),(14,4,40,2214,'2024-08-09 19:34:07',5,19,'new'),(15,35,13,1390,'2024-11-19 11:09:50',5,5,'cancelled'),(16,70,20,927,'2024-09-05 07:55:37',6,11,'cancelled'),(17,70,2,4614,'2024-09-04 23:41:21',6,6,'new'),(18,3,44,1865,'2024-09-18 10:29:16',6,13,'done'),(19,65,24,2047,'2024-12-12 22:39:49',7,9,'cancelled'),(20,35,42,1053,'2024-02-25 03:45:49',7,11,'done'),(21,70,50,1484,'2024-04-28 01:42:39',7,20,'new'),(22,70,29,1482,'2024-07-02 14:21:18',8,18,'done'),(23,199,40,2943,'2024-11-18 22:39:39',8,16,'done'),(24,70,9,1027,'2024-03-16 12:50:22',8,6,'done'),(25,19,1,202,'2024-02-11 16:38:36',9,19,'new'),(26,191,15,2397,'2024-11-17 05:14:40',9,16,'new'),(27,35,28,4584,'2024-10-22 01:55:45',9,20,'cancelled'),(28,70,42,4135,'2024-12-10 14:01:51',10,10,'new'),(29,27,17,4964,'2024-08-03 20:29:57',10,5,'new'),(30,70,23,4149,'2024-02-26 05:40:04',10,9,'new'),(31,35,12,3045,'2024-08-26 09:53:52',11,11,'cancelled'),(32,35,6,918,'2024-08-24 00:09:46',11,16,'cancelled'),(33,35,27,4356,'2024-05-29 22:21:39',11,18,'new'),(34,47,7,1418,'2024-05-31 07:05:31',12,6,'done'),(35,70,13,292,'2024-05-18 05:32:17',12,20,'new'),(36,7,13,4259,'2024-04-09 13:41:53',12,6,'cancelled'),(37,35,45,4558,'2024-06-21 19:02:11',13,11,'new'),(38,70,46,1205,'2024-03-29 07:15:23',13,9,'done'),(39,70,49,3052,'2024-06-04 15:11:38',13,4,'new'),(40,30,18,1476,'2024-08-26 17:28:14',14,5,'new'),(41,70,1,3165,'2024-01-06 14:32:50',14,8,'cancelled'),(42,35,52,1020,'2024-12-13 23:34:27',14,10,'new'),(43,70,28,2361,'2024-05-04 15:58:08',15,18,'cancelled'),(44,30,39,1925,'2024-02-17 12:35:41',15,18,'done'),(45,70,24,1206,'2024-06-26 12:33:16',15,12,'new'),(46,35,18,3916,'2024-10-23 00:11:24',16,15,'done'),(47,35,49,1715,'2024-06-22 09:27:24',16,6,'new'),(48,46,49,4554,'2024-08-09 00:47:06',16,13,'cancelled'),(49,35,30,4111,'2024-12-21 04:55:11',17,10,'new'),(50,44,18,3797,'2024-08-13 06:44:29',17,4,'done'),(51,70,2,3240,'2024-03-19 16:25:56',17,9,'cancelled'),(52,70,38,103,'2024-07-07 18:23:15',18,17,'done'),(53,70,24,129,'2024-09-05 04:12:56',18,5,'done'),(54,12,46,2356,'2024-11-09 00:03:46',18,3,'new'),(55,66,27,1219,'2024-04-08 10:55:03',19,20,'new'),(56,4,53,4768,'2024-10-07 05:38:33',19,5,'new'),(57,35,23,1485,'2024-04-09 06:25:56',19,17,'done'),(58,70,58,3447,'2024-11-10 03:43:06',20,10,'cancelled'),(59,70,48,2929,'2024-02-17 13:19:48',20,9,'new'),(60,35,27,1689,'2024-09-25 16:00:44',20,9,'done'),(61,70,33,1401,'2024-10-08 10:03:09',21,18,'done'),(62,70,16,2843,'2024-10-08 22:56:44',21,10,'cancelled'),(63,65,40,264,'2024-11-14 11:07:33',21,12,'done'),(64,35,13,242,'2024-09-23 09:04:26',22,11,'new'),(65,70,58,3338,'2024-02-29 05:37:19',22,3,'new'),(66,16,12,2860,'2024-09-06 21:40:41',22,7,'cancelled'),(67,33,17,915,'2024-04-10 15:03:22',23,14,'done'),(68,70,17,1046,'2024-02-29 13:50:45',23,19,'cancelled'),(69,62,28,3421,'2024-07-28 16:32:40',23,2,'cancelled'),(70,34,40,2010,'2024-12-05 19:31:44',24,15,'new'),(71,67,51,3757,'2024-08-05 07:24:52',24,18,'new'),(72,35,46,4787,'2024-01-31 20:34:13',24,15,'new'),(73,6,8,333,'2024-07-16 01:45:10',25,20,'new'),(74,70,59,149,'2024-10-08 21:55:21',25,2,'new'),(75,70,60,989,'2024-12-23 06:08:49',25,17,'new'),(76,33,36,4540,'2024-04-01 19:14:10',26,1,'done'),(77,70,18,2501,'2024-08-13 08:28:29',26,12,'cancelled'),(78,35,58,891,'2024-10-19 06:58:37',26,13,'done'),(79,65,15,1306,'2024-02-24 22:14:21',27,16,'new'),(80,28,27,1285,'2024-08-19 12:48:15',27,13,'done'),(81,8,1,783,'2024-04-04 22:01:12',27,6,'cancelled'),(82,52,14,806,'2024-09-25 01:21:42',28,13,'done'),(83,70,6,4658,'2024-03-27 03:24:17',28,18,'done'),(84,56,12,521,'2024-12-10 10:14:59',28,11,'done'),(85,61,25,1250,'2024-09-27 08:09:15',29,6,'done'),(86,5,44,2975,'2024-03-09 12:07:54',29,1,'cancelled'),(87,35,17,1995,'2024-12-06 21:23:28',29,12,'new'),(88,70,60,3416,'2024-09-21 19:44:26',30,7,'new'),(89,192,47,1138,'2024-03-25 12:50:49',30,2,'cancelled'),(90,70,52,3361,'2024-02-26 03:14:33',30,8,'new'),(91,35,46,158,'2024-01-03 06:26:32',31,8,'new'),(92,70,14,1801,'2024-07-26 03:25:13',31,2,'done'),(93,70,43,4689,'2024-06-28 06:46:53',31,17,'new'),(94,70,51,3123,'2024-08-07 15:11:20',32,4,'cancelled'),(95,70,16,189,'2024-08-05 12:39:14',32,8,'done'),(96,1,19,4165,'2024-11-12 10:28:27',32,20,'done'),(97,35,38,636,'2024-04-03 16:19:30',33,13,'new'),(98,70,55,4656,'2024-01-12 06:16:20',33,10,'cancelled'),(99,70,28,1744,'2024-09-07 20:09:26',33,14,'done'),(100,70,3,1542,'2024-09-01 01:08:06',34,17,'done'),(101,35,9,3371,'2024-09-16 18:05:25',34,14,'new'),(102,11,45,3400,'2024-05-30 21:12:04',34,20,'new'),(103,70,11,1356,'2024-11-05 15:08:30',35,10,'cancelled'),(104,70,13,4363,'2024-04-10 18:09:41',35,6,'new'),(105,7,15,4430,'2024-05-20 04:58:50',35,7,'done'),(106,6,20,4967,'2024-10-14 19:50:27',36,7,'new'),(107,65,32,702,'2024-07-13 22:52:01',36,6,'new'),(108,70,3,3508,'2024-10-08 17:01:56',36,5,'cancelled'),(109,45,9,1017,'2024-10-01 12:21:19',37,3,'new'),(110,70,34,3236,'2024-09-27 15:22:31',37,10,'cancelled'),(111,191,24,4901,'2024-12-02 08:22:40',37,1,'new'),(112,35,17,1755,'2024-12-25 07:58:06',38,18,'cancelled'),(113,24,39,3843,'2024-03-15 00:26:44',38,13,'new'),(114,70,55,1640,'2024-05-26 23:33:58',38,4,'new'),(115,70,56,1153,'2024-07-26 05:00:49',39,16,'done'),(116,70,34,2494,'2024-02-14 01:22:58',39,19,'done'),(117,70,39,775,'2024-12-10 06:00:16',39,2,'done'),(118,70,54,4395,'2024-07-05 03:29:20',40,5,'new'),(119,28,9,3019,'2024-06-10 07:32:11',40,11,'done'),(120,70,47,1662,'2024-04-14 08:51:53',40,3,'new'),(121,70,50,1748,'2024-03-25 17:10:09',41,5,'done'),(122,30,5,3143,'2024-02-14 15:22:44',41,3,'new'),(123,25,15,4740,'2024-03-08 19:43:36',41,8,'done'),(124,70,4,576,'2024-02-20 22:59:49',42,8,'new'),(125,70,6,3112,'2024-02-15 08:32:57',42,12,'done'),(126,70,57,1265,'2024-07-06 07:20:18',42,13,'new'),(127,51,59,4865,'2024-06-18 05:19:32',43,19,'new'),(128,70,5,4670,'2024-06-20 05:27:09',43,16,'cancelled'),(129,35,38,276,'2024-12-02 11:04:49',43,20,'new'),(130,62,2,2996,'2024-01-14 19:15:56',44,7,'done'),(131,60,24,4765,'2024-02-10 09:14:58',44,9,'cancelled'),(132,35,57,165,'2024-05-15 12:53:43',44,4,'done'),(133,35,32,2497,'2024-08-17 06:32:22',45,19,'cancelled'),(134,70,24,192,'2024-01-11 21:50:05',45,6,'done'),(135,35,38,1730,'2024-11-22 10:25:24',45,14,'done'),(136,70,22,2892,'2024-03-22 19:35:04',46,17,'cancelled'),(137,70,36,813,'2024-03-06 06:49:40',46,19,'new'),(138,35,14,4903,'2024-01-11 11:15:46',46,12,'new'),(139,70,31,194,'2024-10-06 15:43:06',47,14,'done'),(140,17,45,540,'2024-07-22 00:57:14',47,12,'cancelled'),(141,8,20,939,'2024-09-24 08:42:29',47,5,'cancelled'),(142,70,20,3177,'2024-07-07 09:25:40',48,1,'new'),(143,70,41,725,'2024-12-30 23:03:15',48,9,'done'),(144,70,4,4790,'2024-06-18 14:43:02',48,10,'new'),(145,35,11,820,'2024-11-29 18:25:30',49,10,'done'),(146,190,3,4012,'2024-12-12 14:09:19',49,3,'new'),(147,27,5,4732,'2024-10-26 06:48:55',49,11,'cancelled'),(148,70,13,3996,'2024-09-06 04:54:56',50,9,'done'),(149,70,59,3676,'2024-11-20 07:17:24',50,15,'cancelled'),(150,70,32,1678,'2024-12-19 04:35:26',50,11,'new'),(151,70,34,2701,'2024-10-05 07:35:30',51,6,'done'),(152,35,13,1961,'2024-03-02 17:19:52',51,20,'done'),(153,70,3,4851,'2024-04-14 10:00:01',51,20,'new'),(154,35,51,2690,'2024-09-30 06:02:59',52,11,'cancelled'),(155,2,28,3339,'2024-12-23 13:03:18',52,6,'new'),(156,48,17,2422,'2024-12-16 10:32:53',52,7,'new'),(157,70,21,1953,'2024-09-04 21:40:54',53,16,'new'),(158,35,55,4685,'2024-03-03 10:54:18',53,4,'done'),(159,194,13,1555,'2024-07-17 04:46:31',53,13,'done'),(160,70,52,3923,'2024-01-20 19:53:19',54,17,'cancelled'),(161,70,15,4290,'2024-09-05 20:28:31',54,2,'done'),(162,32,38,4074,'2024-09-30 04:41:03',54,7,'cancelled'),(163,7,11,1372,'2024-01-01 11:32:48',55,1,'cancelled'),(164,70,48,1004,'2024-11-20 16:16:03',55,2,'cancelled'),(165,70,11,4055,'2024-04-02 23:02:01',55,20,'done'),(166,70,22,1366,'2024-11-06 09:28:23',56,8,'done'),(167,68,31,4385,'2024-08-07 10:24:16',56,9,'new'),(168,70,49,1765,'2024-06-14 05:02:18',56,2,'done'),(169,70,17,658,'2024-04-18 06:12:16',57,4,'new'),(170,35,15,986,'2024-09-22 15:28:11',57,4,'new'),(171,70,18,2216,'2024-07-29 16:28:22',57,13,'new'),(172,59,13,389,'2024-08-18 22:32:12',58,5,'cancelled'),(173,70,51,3945,'2024-05-20 05:29:59',58,6,'cancelled'),(174,196,36,4653,'2024-06-02 12:34:59',58,17,'new'),(175,193,18,3311,'2024-07-20 19:49:32',59,14,'new'),(176,35,1,1152,'2024-01-30 15:06:47',59,2,'new'),(177,35,55,297,'2024-08-14 16:58:31',59,6,'done'),(178,23,54,3759,'2024-12-29 04:27:23',60,14,'done'),(179,191,31,1016,'2024-07-18 22:48:29',60,15,'new'),(180,70,19,497,'2024-05-09 02:06:53',60,4,'done'),(181,20,4,946,'2024-12-22 23:15:13',61,9,'new'),(182,70,35,4694,'2024-03-11 19:01:56',61,17,'new'),(183,35,12,3628,'2024-10-05 11:54:06',61,2,'cancelled'),(184,198,57,2831,'2024-11-08 00:11:26',62,6,'cancelled'),(185,70,53,4611,'2024-10-21 13:29:39',62,4,'new'),(186,35,44,3129,'2024-02-28 00:40:40',62,10,'cancelled'),(187,19,37,1761,'2024-06-12 17:18:04',63,4,'cancelled'),(188,70,27,2603,'2024-11-19 15:17:09',63,7,'cancelled'),(189,54,26,3802,'2024-09-08 02:52:38',63,2,'new'),(190,193,4,4093,'2024-05-23 21:40:01',64,2,'cancelled'),(191,20,13,1387,'2024-09-07 13:27:51',64,10,'cancelled'),(192,61,21,556,'2024-04-21 13:16:11',64,17,'cancelled'),(193,33,56,2760,'2024-09-24 06:34:17',65,16,'new'),(194,70,52,3827,'2024-06-01 18:35:16',65,3,'done'),(195,56,7,1229,'2024-12-19 12:02:00',65,15,'done'),(196,35,54,4287,'2024-10-04 17:59:19',66,20,'cancelled'),(197,50,11,3421,'2024-02-20 14:59:37',66,2,'done'),(198,70,57,2359,'2024-02-03 22:45:30',66,5,'cancelled'),(199,70,54,447,'2024-02-20 10:14:15',67,10,'cancelled'),(200,70,49,610,'2024-02-06 18:44:58',67,12,'done'),(201,70,40,358,'2024-10-16 16:57:20',67,10,'new'),(202,70,26,1705,'2024-04-17 17:19:21',68,1,'new'),(203,70,20,826,'2024-06-16 20:44:19',68,1,'cancelled'),(204,70,31,470,'2024-08-14 15:31:56',68,20,'new'),(205,70,51,4303,'2024-07-08 10:29:51',69,8,'new'),(206,36,5,387,'2024-08-13 07:46:19',69,17,'new'),(207,35,37,471,'2024-10-13 09:38:00',69,16,'done'),(208,70,59,2690,'2024-04-30 08:56:21',70,7,'done'),(209,70,35,4647,'2024-10-29 10:58:28',70,10,'new'),(210,39,42,4627,'2024-05-23 20:44:31',70,7,'new'),(211,25,18,2631,'2024-04-07 14:44:28',71,2,'cancelled'),(212,70,43,3531,'2024-11-11 18:43:10',71,11,'new'),(213,35,36,4484,'2024-11-06 12:13:36',71,18,'new'),(214,70,44,4402,'2024-10-04 08:49:24',72,17,'done'),(215,2,41,3636,'2024-03-11 05:30:47',72,9,'new'),(216,70,12,1397,'2024-11-11 07:04:54',72,17,'done'),(217,70,46,2759,'2024-12-30 22:56:52',73,16,'done'),(218,70,51,4330,'2024-07-08 11:02:28',73,12,'cancelled'),(219,193,21,4612,'2024-12-26 07:04:03',73,1,'new'),(220,70,20,3396,'2024-02-19 02:29:02',74,3,'done'),(221,70,13,3728,'2024-04-02 00:54:11',74,18,'done'),(222,35,60,3056,'2024-12-08 00:08:12',74,20,'done'),(223,43,9,3940,'2024-07-18 15:33:48',75,2,'done'),(224,62,20,2076,'2024-04-10 10:56:05',75,7,'done'),(225,16,8,3597,'2024-11-29 13:47:03',75,6,'new'),(226,2,45,4637,'2024-04-01 08:10:50',76,16,'done'),(227,70,23,210,'2024-01-27 20:02:52',76,4,'new'),(228,70,53,753,'2024-10-29 18:38:47',76,12,'done'),(229,70,55,1249,'2024-04-04 16:07:06',77,8,'done'),(230,70,9,1136,'2024-09-03 21:01:31',77,9,'new'),(231,35,57,4397,'2024-08-12 18:23:37',77,12,'done'),(232,70,26,953,'2024-12-19 16:12:25',78,3,'new'),(233,70,53,2381,'2024-07-17 11:53:39',78,18,'done'),(234,70,47,4841,'2024-04-11 23:00:46',78,4,'done'),(235,42,21,373,'2024-11-30 19:49:28',79,1,'cancelled'),(236,70,40,2286,'2024-04-30 12:33:02',79,6,'new'),(237,35,19,345,'2024-07-23 07:21:25',79,18,'new'),(238,60,58,4878,'2024-10-22 07:44:53',80,14,'done'),(239,70,49,559,'2024-11-06 23:49:08',80,8,'new'),(240,15,40,264,'2024-07-10 02:09:50',80,3,'new'),(241,35,10,1404,'2024-07-03 08:22:55',81,4,'cancelled'),(242,59,16,868,'2024-07-20 07:10:26',81,3,'cancelled'),(243,70,15,999,'2024-04-09 21:56:47',81,2,'cancelled'),(244,35,53,2941,'2024-08-09 18:47:54',82,6,'new'),(245,70,35,1325,'2024-02-21 10:44:25',82,1,'new'),(246,16,8,1838,'2024-11-10 10:50:10',82,7,'cancelled'),(247,70,43,1921,'2024-02-24 13:37:19',83,4,'new'),(248,70,21,3841,'2024-07-14 15:09:26',83,19,'cancelled'),(249,35,6,3909,'2024-08-01 12:54:24',83,19,'done'),(250,199,58,3803,'2024-09-05 22:57:33',84,6,'cancelled'),(251,53,51,3589,'2024-12-04 10:43:09',84,13,'cancelled'),(252,70,11,1807,'2024-08-23 23:37:17',84,10,'cancelled'),(253,37,47,159,'2024-03-05 05:03:23',85,3,'new'),(254,70,53,1379,'2024-12-03 16:58:18',85,20,'cancelled'),(255,70,6,2128,'2024-02-19 11:23:15',85,20,'cancelled'),(256,14,50,4755,'2024-09-26 03:21:50',86,6,'new'),(257,35,13,3229,'2024-12-18 17:33:31',86,6,'new'),(258,70,15,1068,'2024-05-23 10:52:40',86,17,'cancelled'),(259,70,17,396,'2024-03-26 09:21:19',87,20,'new'),(260,70,13,3014,'2024-06-06 00:30:41',87,6,'cancelled'),(261,70,31,2889,'2024-08-28 10:23:48',87,20,'done'),(262,50,22,3406,'2024-12-08 20:01:42',88,12,'cancelled'),(263,35,43,1956,'2024-03-29 13:25:38',88,4,'new'),(264,192,59,1423,'2024-05-30 07:20:54',88,1,'done'),(265,199,6,3249,'2024-12-28 06:08:48',89,12,'done'),(266,70,49,4943,'2024-06-26 04:17:22',89,4,'new'),(267,35,8,3689,'2024-06-17 13:13:37',89,16,'done'),(268,35,2,1594,'2024-08-24 21:52:44',90,7,'new'),(269,70,17,4417,'2024-07-25 04:59:07',90,9,'cancelled'),(270,35,46,206,'2024-05-22 11:02:14',90,6,'done'),(271,70,55,2800,'2024-01-13 03:34:40',91,11,'done'),(272,35,37,3715,'2024-09-04 03:57:29',91,9,'new'),(273,35,23,2620,'2024-02-14 00:43:07',91,20,'new'),(274,70,14,4374,'2024-07-20 14:12:57',92,9,'done'),(275,35,3,3952,'2024-04-30 23:13:51',92,5,'new'),(276,53,29,2804,'2024-11-22 13:30:18',92,4,'done'),(277,12,52,1410,'2024-10-27 18:55:45',93,6,'cancelled'),(278,35,31,4661,'2024-12-14 09:26:03',93,7,'cancelled'),(279,35,38,290,'2024-10-05 13:54:18',93,12,'new'),(280,70,36,3754,'2024-10-09 09:35:46',94,10,'done'),(281,70,11,4353,'2024-06-26 04:58:12',94,9,'done'),(282,70,12,3919,'2024-09-23 03:19:33',94,2,'done'),(283,70,27,2386,'2024-06-13 02:40:25',95,16,'new'),(284,70,58,4672,'2024-05-02 22:00:14',95,20,'done'),(285,19,26,4163,'2024-08-16 03:24:57',95,20,'cancelled'),(286,70,40,224,'2024-06-18 04:31:54',96,6,'done'),(287,48,46,2045,'2024-09-04 22:25:29',96,8,'new'),(288,197,6,2500,'2024-12-04 21:47:11',96,14,'done'),(289,70,21,2821,'2024-04-30 03:29:19',97,16,'done'),(290,7,35,1651,'2024-06-04 17:44:57',97,5,'new'),(291,70,25,1498,'2024-12-20 09:12:44',97,6,'done'),(292,35,51,3910,'2024-12-17 19:34:04',98,12,'cancelled'),(293,70,43,1543,'2024-09-16 02:58:45',98,1,'cancelled'),(294,35,40,4280,'2024-04-25 09:25:59',98,2,'new'),(295,192,34,464,'2024-03-29 14:49:16',99,1,'cancelled'),(296,35,19,2190,'2024-08-09 03:37:43',99,12,'new'),(297,199,18,2827,'2024-06-24 20:39:08',99,2,'new'),(298,70,23,2159,'2024-06-22 06:08:02',100,19,'done'),(299,10,22,4324,'2024-02-21 09:56:22',100,13,'cancelled'),(300,35,13,1375,'2024-01-02 06:09:48',100,14,'new');
/*!40000 ALTER TABLE `orders` ENABLE KEYS */;
UNLOCK TABLES;

--
-- Table structure for table `products`
--

DROP TABLE IF EXISTS `products`;
/*!40101 SET @saved_cs_client     = @@character_set_client */;
/*!50503 SET character_set_client = utf8mb4 */;
CREATE TABLE `products` (
  `productID` int NOT NULL AUTO_INCREMENT,
  `name` varchar(255) DEFAULT NULL,
  `price_per_unit` int DEFAULT NULL,
  `measure_unit` varchar(255) DEFAULT NULL,
  PRIMARY KEY (`productID`)
) ENGINE=InnoDB AUTO_INCREMENT=201 DEFAULT CHARSET=utf8mb4 COLLATE=utf8mb4_0900_ai_ci;
/*!40101 SET character_set_client = @saved_cs_client */;

--
-- Dumping data for table `products`
--

LOCK TABLES `products` WRITE;
/*!40000 ALTER TABLE `products` DISABLE KEYS */;
INSERT INTO `products` VALUES (1,'Product 1',173,'kg'),(2,'Product 2',241,'liter'),(3,'Product 3',312,'kg'),(4,'Product 4',269,'liter'),(5,'Product 5',235,'liter'),(6,'Product 6',280,'kg'),(7,'Product 7',287,'liter'),(8,'Product 8',400,'piece'),(9,'Product 9',146,'kg'),(10,'Product 10',185,'kg'),(11,'Product 11',239,'piece'),(12,'Product 12',156,'kg'),(13,'Product 13',191,'kg'),(14,'Product 14',447,'liter'),(15,'Product 15',306,'kg'),(16,'Product 16',358,'liter'),(17,'Product 17',247,'kg'),(18,'Product 18',85,'kg'),(19,'Product 19',183,'liter'),(20,'Product 20',59,'kg'),(21,'Product 21',299,'kg'),(22,'Product 22',214,'liter'),(23,'Product 23',415,'piece'),(24,'Product 24',98,'liter'),(25,'Product 25',157,'liter'),(26,'Product 26',267,'piece'),(27,'Product 27',388,'piece'),(28,'Product 28',232,'piece'),(29,'Product 29',232,'liter'),(30,'Product 30',333,'liter'),(31,'Product 31',133,'liter'),(32,'Product 32',135,'kg'),(33,'Product 33',344,'piece'),(34,'Product 34',291,'kg'),(35,'Product 35',154,'piece'),(36,'Product 36',474,'kg'),(37,'Product 37',84,'piece'),(38,'Product 38',462,'piece'),(39,'Product 39',64,'kg'),(40,'Product 40',410,'kg'),(41,'Product 41',241,'kg'),(42,'Product 42',385,'liter'),(43,'Product 43',310,'kg'),(44,'Product 44',100,'kg'),(45,'Product 45',492,'piece'),(46,'Product 46',161,'piece'),(47,'Product 47',362,'kg'),(48,'Product 48',458,'liter'),(49,'Product 49',499,'liter'),(50,'Product 50',252,'liter'),(51,'Product 51',81,'liter'),(52,'Product 52',417,'piece'),(53,'Product 53',315,'piece'),(54,'Product 54',476,'kg'),(55,'Product 55',335,'liter'),(56,'Product 56',138,'piece'),(57,'Product 57',216,'kg'),(58,'Product 58',339,'piece'),(59,'Product 59',323,'liter'),(60,'Product 60',186,'liter'),(61,'Product 61',116,'liter'),(62,'Product 62',381,'liter'),(63,'Product 63',251,'liter'),(64,'Product 64',113,'piece'),(65,'Product 65',132,'liter'),(66,'Product 66',94,'piece'),(67,'Product 67',435,'liter'),(68,'Product 68',66,'kg'),(69,'Product 69',297,'liter'),(70,'Product 70',279,'piece'),(71,'Product 71',423,'liter'),(72,'Product 72',303,'kg'),(73,'Product 73',98,'piece'),(74,'Product 74',197,'kg'),(75,'Product 75',162,'kg'),(76,'Product 76',71,'liter'),(77,'Product 77',103,'liter'),(78,'Product 78',395,'piece'),(79,'Product 79',391,'kg'),(80,'Product 80',495,'kg'),(81,'Product 81',308,'kg'),(82,'Product 82',417,'liter'),(83,'Product 83',249,'kg'),(84,'Product 84',337,'piece'),(85,'Product 85',472,'piece'),(86,'Product 86',226,'piece'),(87,'Product 87',479,'piece'),(88,'Product 88',465,'kg'),(89,'Product 89',250,'kg'),(90,'Product 90',382,'kg'),(91,'Product 91',207,'liter'),(92,'Product 92',326,'liter'),(93,'Product 93',457,'piece'),(94,'Product 94',257,'piece'),(95,'Product 95',346,'piece'),(96,'Product 96',472,'kg'),(97,'Product 97',378,'piece'),(98,'Product 98',309,'piece'),(99,'Product 99',316,'piece'),(100,'Product 100',212,'liter'),(101,'Product 101',198,'kg'),(102,'Product 102',173,'kg'),(103,'Product 103',81,'liter'),(104,'Product 104',347,'kg'),(105,'Product 105',499,'piece'),(106,'Product 106',52,'kg'),(107,'Product 107',426,'piece'),(108,'Product 108',62,'piece'),(109,'Product 109',76,'liter'),(110,'Product 110',253,'piece'),(111,'Product 111',214,'kg'),(112,'Product 112',437,'kg'),(113,'Product 113',252,'kg'),(114,'Product 114',263,'kg'),(115,'Product 115',118,'liter'),(116,'Product 116',411,'kg'),(117,'Product 117',409,'piece'),(118,'Product 118',455,'kg'),(119,'Product 119',395,'piece'),(120,'Product 120',66,'liter'),(121,'Product 121',487,'kg'),(122,'Product 122',313,'kg'),(123,'Product 123',286,'kg'),(124,'Product 124',380,'kg'),(125,'Product 125',375,'kg'),(126,'Product 126',399,'liter'),(127,'Product 127',218,'piece'),(128,'Product 128',393,'kg'),(129,'Product 129',100,'piece'),(130,'Product 130',449,'liter'),(131,'Product 131',82,'piece'),(132,'Product 132',211,'liter'),(133,'Product 133',445,'piece'),(134,'Product 134',169,'piece'),(135,'Product 135',238,'kg'),(136,'Product 136',190,'piece'),(137,'Product 137',195,'liter'),(138,'Product 138',452,'kg'),(139,'Product 139',177,'kg'),(140,'Product 140',413,'kg'),(141,'Product 141',272,'kg'),(142,'Product 142',147,'piece'),(143,'Product 143',487,'piece'),(144,'Product 144',247,'kg'),(145,'Product 145',53,'kg'),(146,'Product 146',223,'piece'),(147,'Product 147',152,'piece'),(148,'Product 148',233,'kg'),(149,'Product 149',299,'kg'),(150,'Product 150',147,'piece'),(151,'Product 151',252,'liter'),(152,'Product 152',322,'liter'),(153,'Product 153',344,'kg'),(154,'Product 154',262,'kg'),(155,'Product 155',153,'liter'),(156,'Product 156',486,'liter'),(157,'Product 157',472,'piece'),(158,'Product 158',411,'piece'),(159,'Product 159',236,'liter'),(160,'Product 160',178,'piece'),(161,'Product 161',347,'kg'),(162,'Product 162',309,'kg'),(163,'Product 163',481,'liter'),(164,'Product 164',355,'liter'),(165,'Product 165',267,'kg'),(166,'Product 166',267,'liter'),(167,'Product 167',398,'kg'),(168,'Product 168',479,'liter'),(169,'Product 169',364,'piece'),(170,'Product 170',398,'piece'),(171,'Product 171',256,'piece'),(172,'Product 172',204,'kg'),(173,'Product 173',182,'liter'),(174,'Product 174',297,'liter'),(175,'Product 175',419,'kg'),(176,'Product 176',461,'kg'),(177,'Product 177',462,'kg'),(178,'Product 178',81,'piece'),(179,'Product 179',229,'kg'),(180,'Product 180',206,'liter'),(181,'Product 181',222,'kg'),(182,'Product 182',198,'liter'),(183,'Product 183',332,'liter'),(184,'Product 184',389,'liter'),(185,'Product 185',423,'piece'),(186,'Product 186',226,'piece'),(187,'Product 187',208,'kg'),(188,'Product 188',361,'kg'),(189,'Product 189',75,'liter'),(190,'Product 190',493,'liter'),(191,'Product 191',145,'piece'),(192,'Product 192',399,'kg'),(193,'Product 193',270,'kg'),(194,'Product 194',107,'piece'),(195,'Product 195',95,'piece'),(196,'Product 196',255,'liter'),(197,'Product 197',430,'liter'),(198,'Product 198',233,'liter'),(199,'Product 199',401,'kg'),(200,'Product 200',429,'liter');
/*!40000 ALTER TABLE `products` ENABLE KEYS */;
UNLOCK TABLES;

--
-- Table structure for table `restaurants`
--

DROP TABLE IF EXISTS `restaurants`;
/*!40101 SET @saved_cs_client     = @@character_set_client */;
/*!50503 SET character_set_client = utf8mb4 */;
CREATE TABLE `restaurants` (
  `restaurantID` int NOT NULL AUTO_INCREMENT,
  `name` varchar(255) DEFAULT NULL,
  `location` varchar(255) DEFAULT NULL,
  PRIMARY KEY (`restaurantID`)
) ENGINE=InnoDB AUTO_INCREMENT=63 DEFAULT CHARSET=utf8mb4 COLLATE=utf8mb4_0900_ai_ci;
/*!40101 SET character_set_client = @saved_cs_client */;

--
-- Dumping data for table `restaurants`
--

LOCK TABLES `restaurants` WRITE;
/*!40000 ALTER TABLE `restaurants` DISABLE KEYS */;
INSERT INTO `restaurants` VALUES (1,'Restaurant 1','City 6, State 4'),(2,'Restaurant 2','City 19, State 9'),(3,'Restaurant 3','City 8, State 8'),(4,'Restaurant 4','City 14, State 10'),(5,'Restaurant 5','City 11, State 4'),(6,'Restaurant 6','City 8, State 1'),(7,'Restaurant 7','City 9, State 7'),(8,'Restaurant 8','City 14, State 1'),(9,'Restaurant 9','City 6, State 5'),(10,'Restaurant 10','City 6, State 10'),(11,'Restaurant 11','City 10, State 10'),(12,'Restaurant 12','City 6, State 9'),(13,'Restaurant 13','City 15, State 10'),(14,'Restaurant 14','City 16, State 2'),(15,'Restaurant 15','City 7, State 3'),(16,'Restaurant 16','City 9, State 9'),(17,'Restaurant 17','City 17, State 10'),(18,'Restaurant 18','City 7, State 7'),(19,'Restaurant 19','City 18, State 6'),(20,'Restaurant 20','City 9, State 5'),(21,'Restaurant 21','City 18, State 8'),(22,'Restaurant 22','City 14, State 7'),(23,'Restaurant 23','City 5, State 7'),(24,'Restaurant 24','City 14, State 6'),(25,'Restaurant 25','City 11, State 6'),(26,'Restaurant 26','City 17, State 7'),(27,'Restaurant 27','City 6, State 4'),(28,'Restaurant 28','City 8, State 1'),(29,'Restaurant 29','City 12, State 8'),(30,'Restaurant 30','City 14, State 10'),(31,'Restaurant 31','City 20, State 7'),(32,'Restaurant 32','City 12, State 1'),(33,'Restaurant 33','City 16, State 3'),(34,'Restaurant 34','City 16, State 4'),(35,'Restaurant 35','City 9, State 7'),(36,'Restaurant 36','City 18, State 4'),(37,'Restaurant 37','City 4, State 5'),(38,'Restaurant 38','City 18, State 8'),(39,'Restaurant 39','City 15, State 5'),(40,'Restaurant 40','City 15, State 4'),(41,'Restaurant 41','City 11, State 5'),(42,'Restaurant 42','City 18, State 6'),(43,'Restaurant 43','City 12, State 3'),(44,'Restaurant 44','City 9, State 1'),(45,'Restaurant 45','City 19, State 1'),(46,'Restaurant 46','City 19, State 7'),(47,'Restaurant 47','City 3, State 1'),(48,'Restaurant 48','City 1, State 9'),(49,'Restaurant 49','City 13, State 1'),(50,'Restaurant 50','City 2, State 6'),(51,'Restaurant 51','City 6, State 1'),(52,'Restaurant 52','City 4, State 7'),(53,'Restaurant 53','City 2, State 6'),(54,'Restaurant 54','City 8, State 10'),(55,'Restaurant 55','City 3, State 2'),(56,'Restaurant 56','City 13, State 6'),(57,'Restaurant 57','City 4, State 7'),(58,'Restaurant 58','City 1, State 7'),(59,'Restaurant 59','City 19, State 4'),(60,'Restaurant 60','City 20, State 4'),(61,'sas','sas'),(62,'rest323','wqwds');
/*!40000 ALTER TABLE `restaurants` ENABLE KEYS */;
UNLOCK TABLES;
/*!40103 SET TIME_ZONE=@OLD_TIME_ZONE */;

/*!40101 SET SQL_MODE=@OLD_SQL_MODE */;
/*!40014 SET FOREIGN_KEY_CHECKS=@OLD_FOREIGN_KEY_CHECKS */;
/*!40014 SET UNIQUE_CHECKS=@OLD_UNIQUE_CHECKS */;
/*!40101 SET CHARACTER_SET_CLIENT=@OLD_CHARACTER_SET_CLIENT */;
/*!40101 SET CHARACTER_SET_RESULTS=@OLD_CHARACTER_SET_RESULTS */;
/*!40101 SET COLLATION_CONNECTION=@OLD_COLLATION_CONNECTION */;
/*!40111 SET SQL_NOTES=@OLD_SQL_NOTES */;

-- Dump completed on 2025-01-05 15:58:02
